open_time,open,high,low,close,volume,close_time,quote_asset_volume,number_of_trades,taker_buy_base_asset_volume,taker_buy_quote_asset_volume,ignore
1672444800000,16500.00,16503.75,16458.75,16555.77,946.42,1672448399999,15642345.66,3945,567.85,9385407.40,0
1672448400000,16555.77,16689.60,16542.73,16626.45,1343.84,1672451999999,22295858.47,1119,806.31,13377515.08,0
1672452000000,16626.45,16702.25,16622.47,16513.91,897.68,1672455599999,14874639.63,3599,538.61,8924783.78,0
1672455600000,16513.91,16546.97,16425.52,16531.88,2118.86,1672459199999,35009714.27,1025,1271.32,21005828.56,0
1672459200000,16531.88,16636.60,16480.84,16654.21,810.96,1672462799999,13456280.10,4828,486.58,8073768.06,0
1672462800000,16654.21,16668.12,16639.70,16588.85,2194.99,1672466399999,36484068.67,3414,1316.99,21890441.20,0
1672466400000,16588.85,16698.31,16508.41,16711.70,2446.23,1672469999999,40730423.91,2514,1467.74,24438254.35,0
1672470000000,16711.70,16836.11,16618.92,16732.52,2223.41,1672473599999,37180164.04,3309,1334.05,22308098.42,0
1672473600000,16732.52,16739.39,16698.33,16814.34,1078.78,1672477199999,18094772.22,1319,647.27,10856863.33,0
1672477200000,16814.34,16829.49,16772.65,16707.46,1771.37,1672480799999,29689740.86,2459,1062.82,17813844.51,0
1672480800000,16707.46,16738.89,16667.41,16655.53,2373.31,1672484399999,39590349.08,3592,1423.99,23754209.45,0
1672484400000,16655.53,16681.20,16546.16,16699.19,826.80,1672487999999,13788923.64,2517,496.08,8273354.19,0
1672488000000,16699.19,16795.19,16615.64,16894.99,1869.23,1672491599999,31397599.24,4371,1121.54,18838559.54,0
1672491600000,16894.99,16929.35,16890.18,17005.39,1130.91,1672495199999,19169078.38,2070,678.54,11501447.03,0
1672495200000,17005.39,17146.83,16873.94,16889.79,1129.36,1672498799999,19139859.69,3621,677.61,11483915.81,0
1672498800000,16889.79,17026.97,16820.96,16848.04,1029.76,1672502399999,17370938.58,1986,617.86,10422563.15,0
1672502400000,16848.04,16887.45,16760.35,16872.59,2295.65,1672505999999,38705308.66,2597,1377.39,23223185.20,0
1672506000000,16872.59,17022.22,16796.16,16760.32,681.82,1672509599999,11465773.44,1188,409.09,6879464.06,0
1672509600000,16760.32,16854.43,16641.50,16604.18,1344.32,1672513199999,22426275.62,1254,806.59,13455765.37,0
1672513200000,16604.18,16753.59,16524.81,16556.82,2442.16,1672516799999,40492178.92,4443,1465.29,24295307.35,0
1672516800000,16556.82,16664.93,16454.57,16361.42,1573.94,1672520399999,25905677.56,2067,944.36,15543406.54,0
1672520400000,16361.42,16378.15,16296.20,16417.80,1407.45,1672523999999,23067511.59,4815,844.47,13840506.95,0
1672524000000,16417.80,16457.31,16342.71,16568.14,857.30,1672527599999,14139486.15,4650,514.38,8483691.69,0
1672527600000,16568.14,16612.91,16472.30,16716.35,1717.94,1672531199999,28590386.10,1611,1030.76,17154231.66,0
1672531200000,16716.35,16797.26,16599.56,16821.35,1560.71,1672534799999,26171269.34,1002,936.42,15702761.60,0
1672534800000,16821.35,16824.27,16681.99,16751.02,2257.44,1672538399999,37893867.71,4326,1354.47,22736320.63,0
1672538400000,16751.02,16759.70,16619.31,16674.02,2393.90,1672541999999,40008079.93,1342,1436.34,24004847.96,0
1672542000000,16674.02,16684.40,16559.93,16668.42,2031.67,1672545599999,33870397.70,1513,1219.00,20322238.62,0
1672545600000,16668.42,16750.89,16628.66,16658.53,2244.87,1672549199999,37407267.97,2692,1346.92,22444360.78,0
1672549200000,16658.53,16739.43,16549.04,16543.25,902.30,1672552799999,14979018.61,2246,541.38,8987411.17,0
1672552800000,16543.25,16640.73,16477.53,16741.31,1535.15,1672556399999,25548423.82,1484,921.09,15329054.29,0
1672556400000,16741.31,16792.02,16653.06,16631.19,960.23,1672559999999,16022628.08,1880,576.14,9613576.85,0
1672560000000,16631.19,16725.85,16596.85,16459.59,2310.84,1672563599999,38233743.04,4438,1386.50,22940245.82,0
1672563600000,16459.59,16495.29,16359.24,16287.93,928.47,1672567199999,15202601.63,1529,557.08,9121560.98,0
1672567200000,16287.93,16373.59,16217.03,16462.13,2069.24,1672570799999,33883851.59,4229,1241.54,20330310.95,0
1672570800000,16462.13,16476.67,16397.48,16338.30,1347.16,1672574399999,22093670.44,2868,808.29,13256202.26,0
1672574400000,16338.30,16439.30,16190.67,16429.93,696.84,1672577999999,11417035.97,2610,418.10,6850221.58,0
1672578000000,16429.93,16559.18,16392.63,16365.65,880.42,1672581599999,14436905.86,2794,528.25,8662143.51,0
1672581600000,16365.65,16407.43,16328.18,16334.40,2346.53,1672585199999,38365846.46,2772,1407.92,23019507.87,0
1672585200000,16334.40,16416.95,16326.81,16478.94,2498.56,1672588799999,40993136.14,4344,1499.14,24595881.68,0
1672588800000,16478.94,16617.90,16351.64,16666.54,832.62,1672592399999,13798832.73,2942,499.57,8279299.64,0
1672592400000,16666.54,16726.70,16657.75,16552.04,1257.95,1672595999999,20893593.97,4941,754.77,12536156.38,0
1672596000000,16552.04,16669.65,16483.79,16458.12,1346.01,1672599599999,22216085.00,4829,807.61,13329651.00,0
1672599600000,16458.12,16541.49,16350.36,16656.29,809.59,1672603199999,13404608.28,2186,485.76,8042764.97,0
1672603200000,16656.29,16743.17,16574.96,16843.77,1995.95,1672606799999,33432244.57,1228,1197.57,20059346.74,0
1672606800000,16843.77,16919.20,16715.87,16877.44,814.87,1672610399999,13739127.93,4843,488.92,8243476.76,0
1672610400000,16877.44,16905.32,16788.19,16709.49,1850.43,1672613999999,31075052.82,1940,1110.26,18645031.69,0
1672614000000,16709.49,16843.03,16672.56,16557.44,1689.04,1672617599999,28094562.16,3477,1013.42,16856737.29,0
1672617600000,16557.44,16644.99,16479.03,16525.13,2369.41,1672621199999,39193136.80,1817,1421.65,23515882.08,0
1672621200000,16525.13,16560.94,16465.77,16611.61,1843.38,1672624799999,30541813.30,2199,1106.03,18325087.98,0
1672624800000,16611.61,16724.39,16600.73,16538.08,1416.57,1672628399999,23479446.90,4993,849.94,14087668.14,0
1672628400000,16538.08,16549.07,16506.11,16736.52,1030.40,1672631999999,17143088.45,4733,618.24,10285853.07,0
1672632000000,16736.52,16868.41,16681.09,16888.87,815.49,1672635599999,13710644.49,4334,489.30,8226386.70,0
1672635600000,16888.87,16980.62,16740.78,16970.28,1807.95,1672639199999,30607867.31,1031,1084.77,18364720.38,0
1672639200000,16970.28,17015.19,16870.77,17097.12,2377.86,1672642799999,40503759.88,1537,1426.72,24302255.93,0
1672642800000,17097.12,17113.18,17014.14,16943.29,1044.70,1672646399999,17780951.52,3419,626.82,10668570.91,0
1672646400000,16943.29,16973.83,16848.16,17030.34,1027.97,1672649999999,17461901.16,2954,616.78,10477140.70,0
1672650000000,17030.34,17157.26,17016.49,17192.47,1347.15,1672653599999,23051658.29,2106,808.29,13830994.98,0
1672653600000,17192.47,17308.14,17096.91,16993.89,1023.91,1672657199999,17501890.36,3964,614.35,10501134.21,0
1672657200000,16993.89,17058.05,16992.44,17014.56,650.49,1672660799999,11061041.89,4532,390.29,6636625.13,0
1672660800000,17014.56,17096.40,16889.38,17176.14,1665.02,1672664399999,28464085.49,1592,999.01,17078451.29,0
1672664400000,17176.14,17222.37,17041.29,17027.11,2092.24,1672667999999,35780783.17,4442,1255.35,21468469.90,0
1672668000000,17027.11,17058.63,16989.68,17186.68,705.59,1672671599999,12070409.88,4120,423.35,7242245.93,0
1672671600000,17186.68,17247.64,17093.58,17340.34,809.11,1672675199999,13968022.10,4719,485.46,8380813.26,0
1672675200000,17340.34,17486.77,17218.72,17486.18,2262.83,1672678799999,39403287.24,1099,1357.70,23641972.35,0
1672678800000,17486.18,17536.01,17346.56,17580.81,2104.47,1672682399999,36898715.35,4456,1262.68,22139229.21,0
1672682400000,17580.81,17620.83,17462.70,17705.11,716.19,1672685999999,12635730.75,4488,429.71,7581438.45,0
1672686000000,17705.11,17738.47,17582.62,17848.54,1420.61,1672689599999,25253871.88,2220,852.36,15152323.13,0
1672689600000,17848.54,17882.68,17844.99,17966.68,886.26,1672693199999,15870792.85,2313,531.76,9522475.71,0
1672693200000,17966.68,18111.71,17924.81,18112.42,1782.96,1672696799999,32163862.24,2598,1069.78,19298317.34,0
1672696800000,18112.42,18192.85,17971.54,18304.88,730.68,1672700399999,13304761.98,4881,438.41,7982857.19,0
1672700400000,18304.88,18449.26,18265.06,18176.31,716.81,1672703999999,13074952.11,2738,430.08,7844971.27,0
1672704000000,18176.31,18223.36,18085.38,18267.73,1522.85,1672707599999,27749330.21,2540,913.71,16649598.13,0
1672707600000,18267.73,18305.94,18161.41,18298.36,503.38,1672711199999,9203366.01,4702,302.03,5522019.61,0
1672711200000,18298.36,18406.28,18187.07,18313.74,1841.26,1672714799999,33706148.69,2456,1104.75,20223689.21,0
1672714800000,18313.74,18413.38,18264.21,18141.73,1127.83,1672718399999,20557813.63,4392,676.70,12334688.18,0
1672718400000,18141.73,18186.78,18095.34,18229.63,1316.79,1672721999999,23946650.69,2609,790.07,14367990.41,0
1672722000000,18229.63,18248.73,18166.57,18147.90,2380.73,1672725599999,43302492.12,3709,1428.44,25981495.27,0
1672725600000,18147.90,18240.22,18102.75,18309.02,1595.87,1672729199999,29090329.92,1001,957.52,17454197.95,0
1672729200000,18309.02,18373.50,18222.02,18223.78,1809.41,1672732799999,33051432.93,2859,1085.65,19830859.76,0
1672732800000,18223.78,18255.84,18152.81,18200.65,2302.36,1672736399999,41931108.95,4184,1381.42,25158665.37,0
1672736400000,18200.65,18213.37,18123.33,18068.53,1765.88,1672739999999,32023535.14,2340,1059.53,19214121.08,0
1672740000000,18068.53,18181.20,17967.61,18195.89,949.28,1672743599999,17212568.22,1796,569.57,10327540.93,0
1672743600000,18195.89,18232.62,18124.62,18005.66,2199.48,1672747199999,39812219.08,1291,1319.69,23887331.45,0
1672747200000,18005.66,18100.13,17976.50,17971.44,1892.71,1672750799999,34047086.80,2977,1135.63,20428252.08,0
1672750800000,17971.44,18069.85,17970.61,17869.03,2001.93,1672754399999,35875043.08,4080,1201.16,21525025.85,0
1672754400000,17869.03,17932.81,17842.65,17711.67,2415.93,1672757999999,42980282.76,3071,1449.56,25788169.66,0
1672758000000,17711.67,17749.05,17584.42,17531.76,1412.92,1672761599999,24898135.59,4205,847.75,14938881.36,0
1672761600000,17531.76,17679.94,17442.44,17598.79,2400.08,1672765199999,42158045.70,4565,1440.05,25294827.42,0
1672765200000,17598.79,17706.68,17523.07,17643.85,2161.14,1672768799999,38082107.23,3191,1296.68,22849264.34,0
1672768800000,17643.85,17755.40,17572.65,17802.73,1018.38,1672772399999,18049099.66,1988,611.03,10829459.80,0
1672772400000,17802.73,17917.60,17724.54,17857.80,1753.50,1672775999999,31265313.24,2098,1052.10,18759187.94,0
1672776000000,17857.80,17900.66,17817.04,17688.79,1139.42,1672779599999,20251230.81,3160,683.65,12150738.48,0
1672779600000,17688.79,17723.48,17584.70,17544.14,1912.84,1672783199999,33697448.75,1256,1147.70,20218469.25,0
1672783200000,17544.14,17625.53,17481.77,17507.18,913.67,1672786799999,16012648.13,2680,548.20,9607588.88,0
1672786800000,17507.18,17594.79,17402.85,17669.11,2213.46,1672790399999,38930732.01,4062,1328.08,23358439.20,0
1672790400000,17669.11,17670.00,17616.35,17621.27,2006.95,1672793999999,35413020.89,4413,1204.17,21247812.53,0
1672794000000,17621.27,17684.12,17509.14,17802.64,1592.26,1672797599999,28202116.86,3413,955.36,16921270.11,0
1672797600000,17802.64,17835.55,17737.26,17690.86,558.05,1672801199999,9903565.93,2344,334.83,5942139.56,0
1672801200000,17690.86,17751.50,17666.10,17762.51,1434.78,1672804799999,25433896.09,1510,860.87,15260337.66,0
1672804800000,17762.51,17766.56,17703.41,17811.41,1628.78,1672808399999,28971120.41,1108,977.27,17382672.24,0
1672808400000,17811.41,17831.77,17742.16,17868.51,600.57,1672811999999,10714134.39,2516,360.34,6428480.64,0
1672812000000,17868.51,17917.54,17754.33,17753.18,1258.25,1672815599999,22410540.87,4008,754.95,13446324.52,0
1672815600000,17753.18,17791.02,17740.89,17885.95,538.77,1672819199999,9600585.12,3157,323.26,5760351.07,0
1672819200000,17885.95,17938.44,17788.43,18085.91,2062.47,1672822799999,37095370.49,3607,1237.48,22257222.30,0
1672822800000,18085.91,18228.35,18056.01,18187.60,540.76,1672826399999,9807633.89,1609,324.46,5884580.34,0
1672826400000,18187.60,18288.02,18103.01,18038.09,935.93,1672829999999,16952341.99,3797,561.56,10171405.20,0
1672830000000,18038.09,18063.26,17947.01,18144.85,1995.85,1672833599999,36107889.31,1458,1197.51,21664733.59,0
1672833600000,18144.85,18289.56,18128.64,18272.57,551.36,1672837199999,10039498.40,2247,330.81,6023699.04,0
1672837200000,18272.57,18416.30,18213.07,18343.51,1930.03,1672840799999,35335059.91,1303,1158.02,21201035.95,0
1672840800000,18343.51,18437.60,18328.23,18419.76,2044.96,1672844399999,37589739.93,4401,1226.98,22553843.96,0
1672844400000,18419.76,18437.92,18272.18,18459.92,2065.27,1672847999999,38083260.63,2388,1239.16,22849956.38,0
1672848000000,18459.92,18515.51,18384.03,18431.27,1182.46,1672851599999,21811224.78,4398,709.48,13086734.87,0
1672851600000,18431.27,18447.10,18287.16,18560.21,1771.17,1672855199999,32759102.80,4314,1062.70,19655461.68,0
1672855200000,18560.21,18625.53,18450.14,18643.13,2430.95,1672858799999,45219676.12,2080,1458.57,27131805.67,0
1672858800000,18643.13,18723.86,18570.60,18766.41,1371.15,1672862399999,25647024.99,3924,822.69,15388214.99,0
1672862400000,18766.41,18894.17,18641.80,18673.77,673.33,1672865999999,12604718.09,4526,404.00,7562830.86,0
1672866000000,18673.77,18743.47,18582.22,18571.31,1257.98,1672869599999,23426756.58,1114,754.79,14056053.95,0
1672869600000,18571.31,18598.59,18539.49,18711.69,2095.66,1672873199999,39066339.96,2361,1257.40,23439803.98,0
1672873200000,18711.69,18816.87,18670.25,18863.82,520.30,1672876799999,9775312.11,4792,312.18,5865187.27,0
1672876800000,18863.82,18971.83,18790.53,18698.07,2016.33,1672880399999,37868568.02,3762,1209.80,22721140.81,0
1672880400000,18698.07,18771.69,18579.13,18756.43,686.11,1672883999999,12848889.85,1886,411.66,7709333.91,0
1672884000000,18756.43,18802.36,18669.19,18833.14,1446.52,1672887599999,27187051.19,3123,867.91,16312230.72,0
1672887600000,18833.14,18945.03,18783.52,18803.34,1905.71,1672891199999,35862112.62,2083,1143.43,21517267.57,0
1672891200000,18803.34,18821.44,18774.46,18703.91,739.11,1672894799999,13860982.06,3143,443.47,8316589.23,0
1672894800000,18703.91,18731.68,18671.45,18808.78,1468.40,1672898399999,27541762.01,3898,881.04,16525057.20,0
1672898400000,18808.78,18887.48,18766.33,18999.42,701.05,1672901999999,13252763.28,1776,420.63,7951657.97,0
1672902000000,18999.42,19026.34,18997.30,18890.42,1568.27,1672905599999,29710754.65,2097,940.96,17826452.79,0
1672905600000,18890.42,18973.42,18785.81,19080.14,752.56,1672909199999,14287540.52,4473,451.54,8572524.31,0
1672909200000,19080.14,19211.04,18994.03,19076.49,1438.79,1672912799999,27449757.80,2761,863.28,16469854.68,0
1672912800000,19076.49,19084.19,18935.33,18950.23,1455.46,1672916399999,27673153.78,4288,873.28,16603892.27,0
1672916400000,18950.23,18961.34,18855.82,18910.52,607.22,1672919999999,11494866.68,1596,364.33,6896920.01,0
1672920000000,18910.52,18956.09,18761.43,18935.65,736.90,1672923599999,13944479.32,4057,442.14,8366687.59,0
1672923600000,18935.65,19054.26,18901.80,18978.18,1545.15,1672927199999,29291183.61,2802,927.09,17574710.17,0
1672927200000,18978.18,19107.20,18829.67,18955.27,1110.76,1672930799999,21067486.10,3484,666.46,12640491.66,0
1672930800000,18955.27,19066.28,18813.13,18999.12,915.58,1672934399999,17375058.90,1844,549.35,10425035.34,0
1672934400000,18999.12,19022.68,18973.05,19063.29,650.13,1672937999999,12372752.20,1010,390.08,7423651.32,0
1672938000000,19063.29,19152.36,19019.60,19043.49,962.95,1672941599999,18347510.10,3827,577.77,11008506.06,0
1672941600000,19043.49,19111.60,18940.38,19124.69,2347.82,1672945199999,44806046.75,4151,1408.69,26883628.05,0
1672945200000,19124.69,19223.86,18984.64,19174.71,1350.28,1672948799999,25857415.37,3178,810.17,15514449.22,0
1672948800000,19174.71,19310.97,19050.72,19233.76,642.82,1672952399999,12344861.43,1663,385.69,7406916.86,0
1672952400000,19233.76,19346.11,19148.38,19156.81,1077.22,1672955999999,20677569.02,1497,646.33,12406541.41,0
1672956000000,19156.81,19261.77,19015.41,19232.28,1500.94,1672959599999,28809943.01,2975,900.57,17285965.81,0
1672959600000,19232.28,19238.26,19167.48,19064.46,1144.64,1672963199999,21918048.98,2001,686.79,13150829.39,0
1672963200000,19064.46,19208.74,18939.06,18900.99,1650.40,1672966799999,31329050.72,4803,990.24,18797430.43,0
1672966800000,18900.99,19001.83,18860.56,19100.82,580.46,1672970399999,11029327.13,4025,348.28,6617596.28,0
1672970400000,19100.82,19198.54,18963.41,19089.02,862.98,1672973999999,16478498.56,3341,517.79,9887099.14,0
1672974000000,19089.02,19162.78,19075.33,19142.93,1195.92,1672977599999,22861215.66,2333,717.55,13716729.40,0
1672977600000,19142.93,19271.59,19093.46,19210.98,1887.35,1672981199999,36193579.60,2152,1132.41,21716147.76,0
1672981200000,19210.98,19333.02,19128.47,19389.06,1409.65,1672984799999,27206312.16,2258,845.79,16323787.30,0
1672984800000,19389.06,19534.59,19328.44,19318.37,1529.19,1672988399999,29595557.79,4952,917.52,17757334.68,0
1672988400000,19318.37,19399.76,19256.38,19381.44,875.17,1672991999999,16934359.52,2447,525.10,10160615.71,0
1672992000000,19381.44,19475.25,19267.44,19484.01,907.12,1672995599999,17627743.92,3196,544.27,10576646.35,0
1672995600000,19484.01,19549.73,19379.27,19655.08,742.85,1672999199999,14537280.36,4892,445.71,8722368.21,0
1672999200000,19655.08,19690.98,19631.32,19698.63,1601.68,1673002799999,31515987.38,3209,961.01,18909592.43,0
1673002800000,19698.63,19847.47,19561.69,19535.91,1422.90,1673006399999,27913333.73,1469,853.74,16748000.24,0
1673006400000,19535.91,19610.67,19428.42,19668.77,1517.74,1673009999999,29751338.29,2093,910.65,17850802.97,0
1673010000000,19668.77,19815.81,19632.21,19802.66,1602.53,1673013599999,31627079.86,2534,961.52,18976247.91,0
1673013600000,19802.66,19878.90,19670.76,19971.41,2228.05,1673017199999,44309383.78,2104,1336.83,26585630.27,0
1673017200000,19971.41,20033.65,19831.27,20087.41,1515.48,1673020799999,30354075.95,4282,909.29,18212445.57,0
1673020800000,20087.41,20132.19,19999.37,20000.55,2497.80,1673024399999,50065942.36,2958,1498.68,30039565.42,0
1673024400000,20000.55,20081.33,19948.78,19859.98,1603.83,1673027999999,31964853.44,3173,962.30,19178912.06,0
1673028000000,19859.98,19908.25,19831.69,19842.12,1895.00,1673031599999,37617683.23,3287,1137.00,22570609.94,0
1673031600000,19842.12,19958.45,19835.57,19735.55,1989.41,1673035199999,39368111.30,3820,1193.65,23620866.78,0
1673035200000,19735.55,19793.46,19635.99,19860.11,2141.50,1673038799999,42396953.44,4923,1284.90,25438172.06,0
1673038800000,19860.11,19865.66,19784.77,19858.24,1680.36,1673042399999,33370582.56,4478,1008.22,20022349.54,0
1673042400000,19858.24,19924.29,19779.35,20007.92,1413.86,1673045999999,28182507.89,3889,848.31,16909504.73,0
1673046000000,20007.92,20106.14,19984.76,19971.91,1438.98,1673049599999,28765110.35,4876,863.39,17259066.21,0
1673049600000,19971.91,20075.82,19874.43,19907.33,2203.53,1673053199999,43937566.67,4409,1322.12,26362540.00,0
1673053200000,19907.33,19964.34,19859.83,20051.07,1937.43,1673056799999,38708403.34,4037,1162.46,23225042.01,0
1673056800000,20051.07,20056.46,20040.81,20200.02,1762.32,1673060399999,35467695.99,4683,1057.39,21280617.60,0
1673060400000,20200.02,20312.04,20134.93,20398.99,696.89,1673063999999,14146449.04,3534,418.13,8487869.42,0
1673064000000,20398.99,20465.55,20294.89,20548.03,2306.85,1673067599999,47229279.13,1183,1384.11,28337567.48,0
1673067600000,20548.03,20592.03,20491.80,20666.48,791.14,1673071199999,16303215.28,3124,474.68,9781929.17,0
1673071200000,20666.48,20785.36,20640.99,20692.85,657.94,1673074799999,13605913.39,4483,394.76,8163548.03,0
1673074800000,20692.85,20728.98,20555.93,20740.74,786.24,1673078399999,16288279.98,2844,471.74,9772967.99,0
1673078400000,20740.74,20779.04,20739.33,20642.33,2109.27,1673081999999,43643953.40,4604,1265.56,26186372.04,0
1673082000000,20642.33,20666.03,20576.07,20713.37,1191.13,1673085599999,24630035.85,3350,714.68,14778021.51,0
1673085600000,20713.37,20777.02,20675.86,20768.95,2190.61,1673089199999,45435752.44,1796,1314.36,27261451.47,0
1673089200000,20768.95,20841.43,20733.37,20722.83,1643.85,1673092799999,34103032.99,3299,986.31,20461819.79,0
1673092800000,20722.83,20767.11,20576.14,20919.90,1816.46,1673096399999,37821169.93,2097,1089.88,22692701.96,0
1673096400000,20919.90,21022.77,20808.20,20946.28,598.09,1673099999999,12519840.27,3425,358.85,7511904.16,0
1673100000000,20946.28,21081.90,20903.35,20944.97,2097.72,1673103599999,43938053.06,3428,1258.63,26362831.84,0
1673103600000,20944.97,21040.46,20851.83,20885.89,1855.53,1673107199999,38809186.36,3883,1113.32,23285511.82,0
1673107200000,20885.89,21011.65,20791.66,20949.57,2306.81,1673110799999,48253177.14,3585,1384.08,28951906.28,0
1673110800000,20949.57,21015.69,20862.63,20873.14,1964.72,1673114399999,41084945.76,1360,1178.83,24650967.46,0
1673114400000,20873.14,20985.26,20846.79,20791.18,764.32,1673117999999,15922430.16,3157,458.59,9553458.09,0
1673118000000,20791.18,20870.81,20654.16,20979.78,2160.95,1673121599999,45132384.39,2027,1296.57,27079430.63,0
1673121600000,20979.78,21052.06,20858.81,21109.66,1993.12,1673125199999,41944622.15,2354,1195.87,25166773.29,0
1673125200000,21109.66,21254.09,21088.54,20955.72,2433.00,1673128799999,51172544.74,4440,1459.80,30703526.84,0
1673128800000,20955.72,21102.72,20810.63,21045.41,2109.18,1673132399999,44293878.55,2463,1265.51,26576327.13,0
1673132400000,21045.41,21047.50,20964.93,21161.68,1409.57,1673135999999,29746970.82,3691,845.74,17848182.49,0
1673136000000,21161.68,21249.37,21038.32,21230.62,2380.58,1673139599999,50459215.84,1433,1428.35,30275529.50,0
1673139600000,21230.62,21234.37,21097.98,21124.15,1622.81,1673143199999,34366972.38,4661,973.69,20620183.43,0
1673143200000,21124.15,21133.63,21000.57,21012.70,2318.78,1673146799999,48852937.00,2208,1391.27,29311762.20,0
1673146800000,21012.70,21033.66,20870.76,20976.01,1108.73,1673150399999,23277053.79,2970,665.24,13966232.27,0
1673150400000,20976.01,21109.10,20955.66,20814.89,1407.29,1673153999999,29405909.53,3681,844.37,17643545.72,0
1673154000000,20814.89,20956.79,20752.02,20912.15,1984.54,1673157599999,41404446.91,1618,1190.72,24842668.15,0
1673157600000,20912.15,20927.00,20838.74,20878.10,1316.23,1673161199999,27502826.00,4806,789.74,16501695.60,0
1673161200000,20878.10,20933.68,20811.59,20691.19,2401.11,1673164799999,49906223.87,4421,1440.67,29943734.32,0
1673164800000,20691.19,20794.04,20609.52,20530.93,2455.69,1673168399999,50614267.89,2434,1473.41,30368560.73,0
1673168400000,20530.93,20559.40,20512.61,20490.19,2196.07,1673171999999,45042544.91,2818,1317.64,27025526.95,0
1673172000000,20490.19,20586.44,20400.61,20555.29,542.71,1673175599999,11137996.34,4147,325.63,6682797.80,0
1673175600000,20555.29,20574.18,20470.61,20452.72,637.22,1673179199999,13065569.19,4060,382.33,7839341.51,0
1673179200000,20452.72,20485.11,20322.27,20335.58,1157.12,1673182799999,23598462.48,1590,694.27,14159077.49,0
1673182800000,20335.58,20336.01,20206.82,20495.80,789.38,1673186399999,16115654.34,1519,473.63,9669392.60,0
1673186400000,20495.80,20521.97,20396.64,20396.06,551.56,1673189999999,11277161.25,1059,330.94,6766296.75,0
1673190000000,20396.06,20431.75,20347.49,20512.05,848.49,1673193599999,17355109.51,1209,509.10,10413065.71,0
1673193600000,20512.05,20590.96,20400.20,20608.74,1452.49,1673197199999,29863807.32,4112,871.50,17918284.39,0
1673197200000,20608.74,20625.10,20533.16,20614.03,2390.83,1673200799999,49278346.13,1173,1434.50,29567007.68,0
1673200800000,20614.03,20744.08,20535.82,20727.32,1416.09,1673204399999,29271439.15,4856,849.65,17562863.49,0
1673204400000,20727.32,20799.17,20667.08,20551.65,1872.19,1673207999999,38641148.54,2961,1123.32,23184689.12,0
1673208000000,20551.65,20562.68,20539.54,20715.53,1716.59,1673211599999,35419522.11,1262,1029.96,21251713.27,0
1673211600000,20715.53,20810.50,20633.28,20625.54,1150.37,1673215199999,23778785.05,4978,690.22,14267271.03,0
1673215200000,20625.54,20693.60,20534.73,20637.76,698.36,1673218799999,14408257.36,3807,419.01,8644954.42,0
1673218800000,20637.76,20735.40,20522.42,20778.88,1941.68,1673222399999,40208932.01,1860,1165.01,24125359.21,0
1673222400000,20778.88,20813.15,20728.04,20759.50,1407.00,1673225999999,29222207.49,2663,844.20,17533324.50,0
1673226000000,20759.50,20823.52,20659.74,20597.54,1248.60,1673229599999,25819242.52,1610,749.16,15491545.51,0
1673229600000,20597.54,20607.61,20472.77,20766.73,686.46,1673233199999,14197462.10,1386,411.88,8518477.26,0
1673233200000,20766.73,20888.50,20683.28,20862.25,1672.93,1673236799999,34821189.00,3246,1003.76,20892713.40,0
1673236800000,20862.25,20880.58,20809.21,20794.11,1830.68,1673240399999,38129752.16,4001,1098.41,22877851.30,0
1673240400000,20794.11,20902.27,20648.85,20941.34,1700.82,1673243999999,35492250.39,2406,1020.49,21295350.23,0
1673244000000,20941.34,20973.26,20842.83,20972.51,948.49,1673247599999,19877431.75,1432,569.09,11926459.05,0
1673247600000,20972.51,21027.65,20858.12,21110.66,1648.20,1673251199999,34680743.91,4228,988.92,20808446.35,0
1673251200000,21110.66,21256.84,20987.90,21248.72,1727.15,1673254799999,36580433.47,3570,1036.29,21948260.08,0
1673254800000,21248.72,21388.09,21124.30,21059.23,1034.90,1673258399999,21892152.00,1721,620.94,13135291.20,0
1673258400000,21059.23,21105.57,21008.25,21140.30,512.21,1673261999999,10807543.97,4479,307.33,6484526.38,0
1673262000000,21140.30,21200.42,21119.02,21166.83,1766.34,1673265599999,37364480.27,1122,1059.81,22418688.16,0
1673265600000,21166.83,21199.10,21103.86,21265.28,1181.79,1673269199999,25072964.01,2480,709.08,15043778.40,0
1673269200000,21265.28,21381.80,21180.14,21353.92,669.91,1673272799999,14275599.17,1210,401.95,8565359.50,0
1673272800000,21353.92,21446.59,21252.82,21216.88,1044.21,1673276399999,22226333.98,3647,626.52,13335800.39,0
1673276400000,21216.88,21283.19,21175.91,21211.14,2009.89,1673279999999,42637753.10,1455,1205.93,25582651.86,0
1673280000000,21211.14,21253.63,21109.37,21183.11,1473.27,1673283599999,31228997.09,3668,883.96,18737398.26,0
1673283600000,21183.11,21242.40,21093.21,21001.28,515.37,1673287199999,10870371.97,2205,309.22,6522223.18,0
1673287200000,21001.28,21021.86,20962.95,20885.77,1156.24,1673290799999,24215839.08,1030,693.75,14529503.45,0
1673290800000,20885.77,20912.13,20828.74,20984.58,1907.34,1673294399999,39930547.28,3001,1144.41,23958328.37,0
1673294400000,20984.58,21105.51,20973.77,21117.92,2223.53,1673297999999,46808053.41,1169,1334.12,28084832.04,0
1673298000000,21117.92,21256.09,20988.60,20925.41,1651.52,1673301599999,34717667.55,3293,990.91,20830600.53,0
1673301600000,20925.41,20988.07,20908.14,21009.21,541.71,1673305199999,11358269.43,2299,325.03,6814961.66,0
1673305200000,21009.21,21101.93,20884.41,21129.74,2339.54,1673308799999,49292878.28,1352,1403.72,29575726.97,0
1673308800000,21129.74,21166.24,21041.41,21267.54,1547.93,1673312399999,32813907.01,2583,928.76,19688344.20,0
1673312400000,21267.54,21318.46,21217.58,21191.65,836.27,1673315999999,17753573.60,3041,501.76,10652144.16,0
1673316000000,21191.65,21268.14,21055.76,21037.26,1198.75,1673319599999,25310960.86,3909,719.25,15186576.51,0
1673319600000,21037.26,21159.51,21001.82,21164.84,792.89,1673323199999,16730776.41,1789,475.73,10038465.85,0
1673323200000,21164.84,21278.87,21066.51,21205.80,854.29,1673326799999,18098452.14,4091,512.58,10859071.29,0
1673326800000,21205.80,21318.96,21091.82,21203.44,1397.81,1673330399999,29640040.82,4696,838.69,17784024.49,0
1673330400000,21203.44,21298.74,21109.77,21229.24,2228.49,1673333999999,47280485.06,3508,1337.10,28368291.04,0
1673334000000,21229.24,21239.48,21162.91,21089.62,1105.64,1673337599999,23394732.40,2098,663.38,14036839.44,0
1673337600000,21089.62,21165.72,21043.06,20912.09,1403.83,1673341199999,29481586.10,1227,842.30,17688951.66,0
1673341200000,20912.09,20923.60,20782.45,21044.77,2210.59,1673344799999,46374642.07,3460,1326.35,27824785.24,0
1673344800000,21044.77,21114.18,20961.62,21047.60,2083.64,1673348399999,43852578.46,4583,1250.18,26311547.08,0
1673348400000,21047.60,21169.07,20949.82,21027.49,1143.05,1673351999999,24047039.38,2902,685.83,14428223.63,0
1673352000000,21027.49,21036.77,21011.97,20887.84,2298.25,1673355599999,48166026.85,2373,1378.95,28899616.11,0
1673355600000,20887.84,20963.52,20861.95,20973.56,995.49,1673359199999,20836247.87,2751,597.29,12501748.72,0
1673359200000,20973.56,21051.97,20949.75,20949.33,1245.70,1673362799999,26111756.66,2131,747.42,15667053.99,0
1673362800000,20949.33,21000.09,20859.65,20912.84,2078.45,1673366399999,43504293.36,3589,1247.07,26102576.01,0
1673366400000,20912.84,20927.01,20811.08,20739.20,1068.29,1673369999999,22248311.88,3894,640.98,13348987.13,0
1673370000000,20739.20,20875.15,20608.21,20801.83,1166.72,1673373599999,24233460.89,3330,700.03,14540076.53,0
1673373600000,20801.83,20854.30,20656.67,20658.40,1896.96,1673377199999,39324196.26,2567,1138.18,23594517.75,0
1673377200000,20658.40,20799.10,20611.96,20696.42,1253.36,1673380799999,25916207.79,4166,752.02,15549724.67,0
1673380800000,20696.42,20796.93,20572.07,20821.69,1977.55,1673384399999,41052052.67,3741,1186.53,24631231.60,0
1673384400000,20821.69,20918.59,20758.18,20832.25,1223.66,1673387999999,25485049.76,2450,734.19,15291029.86,0
1673388000000,20832.25,20864.38,20690.10,20704.35,1472.54,1673391599999,30582191.31,1906,883.53,18349314.79,0
1673391600000,20704.35,20715.93,20577.69,20559.38,702.28,1673395199999,14489378.40,4083,421.37,8693627.04,0
1673395200000,20559.38,20691.93,20553.72,20693.43,1173.53,1673398799999,24205676.90,4065,704.12,14523406.14,0
1673398800000,20693.43,20749.94,20669.09,20545.85,2162.69,1673402399999,44593884.78,4084,1297.61,26756330.87,0
1673402400000,20545.85,20570.68,20480.20,20669.46,1321.72,1673405999999,27237493.08,3705,793.03,16342495.85,0
1673406000000,20669.46,20736.09,20626.72,20564.48,1997.07,1673409599999,41173595.26,2795,1198.24,24704157.16,0
1673409600000,20564.48,20610.90,20443.18,20578.08,1438.03,1673413199999,29582140.46,4340,862.82,17749284.28,0
1673413200000,20578.08,20720.15,20430.41,20525.22,1423.36,1673416799999,29252394.07,2127,854.02,17551436.44,0
1673416800000,20525.22,20604.34,20380.28,20477.97,2133.78,1673420399999,43745936.88,4205,1280.27,26247562.13,0
1673420400000,20477.97,20515.47,20381.79,20333.33,2248.23,1673423999999,45876664.35,3218,1348.94,27525998.61,0
1673424000000,20333.33,20460.21,20205.65,20174.36,1070.13,1673427599999,21674165.01,4052,642.08,13004499.00,0
1673427600000,20174.36,20310.16,20152.26,20083.48,1374.95,1673431199999,27676159.81,4785,824.97,16605695.89,0
1673431200000,20083.48,20151.15,20031.04,19972.29,553.34,1673434799999,11082237.79,1213,332.00,6649342.68,0
1673434800000,19972.29,20007.66,19823.11,19973.10,1249.83,1673438399999,24962379.84,1112,749.90,14977427.90,0
1673438400000,19973.10,20098.97,19875.60,20145.43,2082.76,1673441999999,41778652.24,1550,1249.66,25067191.34,0
1673442000000,20145.43,20269.89,20041.02,20060.18,777.59,1673445599999,15631645.14,3822,466.55,9378987.08,0
1673445600000,20060.18,20060.97,20048.29,20039.62,1011.85,1673449199999,20287446.67,4339,607.11,12172468.00,0
1673449200000,20039.62,20148.70,19960.45,20059.14,722.37,1673452799999,14483144.86,2152,433.42,8689886.91,0
1673452800000,20059.14,20066.30,19996.17,19979.60,2087.80,1673456399999,41796406.20,2828,1252.68,25077843.72,0
1673456400000,19979.60,20115.37,19890.09,19823.94,532.87,1673459999999,10605071.47,3061,319.72,6363042.88,0
1673460000000,19823.94,19845.48,19759.56,19720.72,1729.62,1673463599999,34198603.68,1962,1037.77,20519162.21,0
1673463600000,19720.72,19820.37,19707.88,19687.35,2449.31,1673467199999,48261264.38,1270,1469.59,28956758.63,0
1673467200000,19687.35,19763.45,19539.10,19697.77,1608.30,1673470799999,31671618.17,2561,964.98,19002970.90,0
1673470800000,19697.77,19793.12,19550.61,19685.82,1007.30,1673474399999,19835557.46,1064,604.38,11901334.47,0
1673474400000,19685.82,19737.54,19575.88,19801.23,1756.51,1673477999999,34679781.99,4086,1053.91,20807869.20,0
1673478000000,19801.23,19851.11,19794.58,19895.31,1592.03,1673481599999,31598990.64,4254,955.22,18959394.39,0
1673481600000,19895.31,20012.18,19825.61,19765.34,1890.78,1673485199999,37494751.67,3526,1134.47,22496851.00,0
1673485200000,19765.34,19774.81,19648.91,19889.94,1415.36,1673488799999,28063234.71,2173,849.22,16837940.83,0
1673488800000,19889.94,19919.86,19883.66,19707.46,2366.74,1673492399999,46858420.79,3061,1420.05,28115052.48,0
1673492400000,19707.46,19788.92,19669.47,19903.11,2006.58,1673495999999,39740932.49,1764,1203.95,23844559.49,0
1673496000000,19903.11,20020.24,19773.24,19845.90,1163.85,1673499599999,23130933.70,1497,698.31,13878560.22,0
1673499600000,19845.90,19979.33,19734.41,19793.11,2289.27,1673503199999,45372300.99,2546,1373.56,27223380.59,0
1673503200000,19793.11,19867.54,19718.48,19982.60,2348.62,1673506799999,46709033.15,3077,1409.17,28025419.89,0
1673506800000,19982.60,20091.66,19970.76,20103.06,1704.91,1673510399999,34171152.39,4289,1022.94,20502691.43,0
1673510400000,20103.06,20151.24,20091.05,20121.25,1821.84,1673513999999,36641095.47,2225,1093.10,21984657.28,0
1673514000000,20121.25,20185.17,20017.78,20162.30,1203.09,1673517599999,24232445.93,1169,721.86,14539467.56,0
1673517600000,20162.30,20215.18,20012.58,20310.31,1049.11,1673521199999,21230124.56,4920,629.47,12738074.73,0
1673521200000,20310.31,20321.57,20214.69,20489.47,1226.62,1673524799999,25022963.31,4204,735.97,15013777.99,0
1673524800000,20489.47,20632.39,20468.06,20561.24,1715.15,1673528399999,35203978.87,4125,1029.09,21122387.32,0
1673528400000,20561.24,20571.32,20444.46,20375.16,1232.66,1673531999999,25230266.77,2531,739.59,15138160.06,0
1673532000000,20375.16,20465.92,20273.30,20402.06,2397.65,1673535599999,48884683.57,2488,1438.59,29330810.14,0
1673535600000,20402.06,20488.14,20322.64,20507.29,1296.07,1673539199999,26510648.76,3598,777.64,15906389.25,0
1673539200000,20507.29,20524.31,20396.94,20407.13,1498.09,1673542799999,30646702.24,2547,898.85,18388021.34,0
1673542800000,20407.13,20446.40,20368.09,20431.80,1392.55,1673546399999,28435054.34,4985,835.53,17061032.60,0
1673546400000,20431.80,20569.28,20358.12,20346.03,745.27,1673549999999,15195348.29,4411,447.16,9117208.98,0
1673550000000,20346.03,20480.84,20279.27,20326.85,675.58,1673553599999,13738924.13,3727,405.35,8243354.48,0
1673553600000,20326.85,20374.79,20274.74,20465.06,629.88,1673557199999,12846966.86,3168,377.93,7708180.12,0
1673557200000,20465.06,20592.76,20358.29,20621.59,2354.65,1673560799999,48372320.48,3550,1412.79,29023392.29,0
1673560800000,20621.59,20697.91,20603.39,20739.07,901.96,1673564399999,18652847.34,1555,541.18,11191708.41,0
1673564400000,20739.07,20743.01,20655.97,20855.22,1237.82,1673567999999,25743171.25,4214,742.69,15445902.75,0
1673568000000,20855.22,20947.01,20842.29,20875.88,1118.58,1673571599999,23339816.41,4998,671.15,14003889.85,0
1673571600000,20875.88,20954.73,20760.50,20963.43,2146.68,1673575199999,44907775.40,1295,1288.01,26944665.24,0
1673575200000,20963.43,21059.78,20895.93,21152.38,1860.22,1673578799999,39172289.43,2378,1116.13,23503373.66,0
1673578800000,21152.38,21269.42,21056.41,21303.56,863.93,1673582399999,18339401.68,4865,518.36,11003641.01,0
1673582400000,21303.56,21440.17,21295.25,21276.61,748.32,1673585999999,15931845.22,1612,448.99,9559107.13,0
1673586000000,21276.61,21325.01,21170.21,21142.47,1192.05,1673589599999,25282752.64,4763,715.23,15169651.58,0
1673589600000,21142.47,21269.36,21104.88,21300.44,1770.11,1673593199999,37564404.02,3203,1062.07,22538642.41,0
1673593200000,21300.44,21345.87,21220.42,21150.51,1505.15,1673596799999,31947448.51,1674,903.09,19168469.11,0
1673596800000,21150.51,21173.64,21051.70,21327.15,1941.27,1673600399999,41230214.22,3420,1164.76,24738128.53,0
1673600400000,21327.15,21411.70,21203.37,21464.17,556.75,1673603999999,11911969.13,1181,334.05,7147181.48,0
1673604000000,21464.17,21550.68,21366.50,21520.75,2033.92,1673607599999,43713895.15,2666,1220.35,26228337.09,0
1673607600000,21520.75,21595.45,21426.67,21576.34,1079.34,1673611199999,23258279.00,4826,647.61,13954967.40,0
1673611200000,21576.34,21697.05,21473.60,21569.52,1094.87,1673614799999,23619508.64,1291,656.92,14171705.19,0
1673614800000,21569.52,21635.46,21496.88,21393.49,908.05,1673618399999,19506195.03,3426,544.83,11703717.02,0
1673618400000,21393.49,21501.24,21283.36,21318.52,2221.55,1673621999999,47443531.38,4901,1332.93,28466118.83,0
1673622000000,21318.52,21374.10,21234.27,21170.83,1138.23,1673625599999,24181362.46,2865,682.94,14508817.48,0
1673625600000,21170.83,21208.01,21156.31,21077.82,1080.42,1673629199999,22823223.75,2536,648.25,13693934.25,0
1673629200000,21077.82,21115.06,20948.02,21123.97,819.40,1673632799999,17290055.79,2309,491.64,10374033.48,0
1673632800000,21123.97,21170.87,21009.50,21155.04,1496.53,1673636399999,31635924.63,3058,897.92,18981554.78,0
1673636400000,21155.04,21201.32,21151.56,21154.55,2390.47,1673639999999,50569805.61,3021,1434.28,30341883.37,0
1673640000000,21154.55,21186.82,21101.61,21341.22,601.08,1673643599999,12771694.39,2979,360.65,7663016.64,0
1673643600000,21341.22,21439.36,21270.63,21494.16,1573.38,1673647199999,33698193.56,4388,944.03,20218916.14,0
1673647200000,21494.16,21626.52,21385.03,21466.53,2027.71,1673650799999,43555978.33,2463,1216.63,26133587.00,0
1673650800000,21466.53,21552.07,21437.33,21426.76,1606.45,1673654399999,34452870.75,1294,963.87,20671722.45,0
1673654400000,21426.76,21541.42,21384.80,21428.46,2478.18,1673657999999,53101505.70,3721,1486.91,31860903.42,0
1673658000000,21428.46,21574.72,21369.38,21275.99,2089.79,1673661599999,44621758.86,2356,1253.88,26773055.32,0
1673661600000,21275.99,21389.23,21246.13,21451.57,1518.25,1673665199999,32435446.30,3000,910.95,19461267.78,0
1673665200000,21451.57,21472.12,21401.61,21269.69,1447.49,1673668799999,30919256.33,2827,868.49,18551553.80,0
1673668800000,21269.69,21347.01,21220.49,21312.19,1726.14,1673672399999,36751061.16,1650,1035.68,22050636.70,0
1673672400000,21312.19,21423.09,21267.31,21508.44,1172.75,1673675999999,25108879.57,4313,703.65,15065327.74,0
1673676000000,21508.44,21614.75,21463.47,21521.37,2131.50,1673679599999,45858970.24,2473,1278.90,27515382.14,0
1673679600000,21521.37,21668.36,21433.82,21590.90,2093.51,1673683199999,45127975.01,3901,1256.11,27076785.01,0
1673683200000,21590.90,21594.89,21519.71,21666.11,2434.14,1673686799999,52646837.96,4131,1460.48,31588102.77,0
1673686800000,21666.11,21752.76,21557.90,21776.58,1667.05,1673690399999,36210494.32,1682,1000.23,21726296.59,0
1673690400000,21776.58,21869.54,21650.40,21828.19,795.55,1673693999999,17344916.72,3722,477.33,10406950.03,0
1673694000000,21828.19,21970.42,21811.70,21640.82,537.87,1673697599999,11690439.61,2254,322.72,7014263.77,0
1673697600000,21640.82,21744.39,21579.26,21501.39,2049.94,1673701199999,44219565.27,4682,1229.97,26531739.16,0
1673701200000,21501.39,21611.76,21492.05,21650.52,776.16,1673704799999,16746498.44,1829,465.70,10047899.06,0
1673704800000,21650.52,21749.85,21571.69,21580.54,1127.51,1673708399999,24371617.68,1692,676.50,14622970.61,0
1673708400000,21580.54,21631.88,21527.39,21745.39,2043.98,1673711999999,44278648.72,3883,1226.39,26567189.23,0
1673712000000,21745.39,21849.38,21653.87,21802.71,884.53,1673715599999,19259761.77,1986,530.72,11555857.06,0
1673715600000,21802.71,21836.44,21656.77,21825.94,1095.23,1673719199999,23891685.67,2156,657.14,14335011.40,0
1673719200000,21825.94,21931.69,21778.39,21708.85,1197.61,1673722799999,26068775.50,4734,718.56,15641265.30,0
1673722800000,21708.85,21749.87,21690.57,21827.02,1853.24,1673726399999,40341307.22,2518,1111.95,24204784.33,0
1673726400000,21827.02,21949.77,21683.83,22019.08,2109.23,1673729999999,46240789.28,2161,1265.54,27744473.57,0
1673730000000,22019.08,22126.20,21967.13,21934.13,1384.75,1673733599999,30432155.70,2025,830.85,18259293.42,0
1673733600000,21934.13,21964.44,21853.35,21925.76,2366.05,1673737199999,51887309.37,3784,1419.63,31132385.62,0
1673737200000,21925.76,22018.12,21837.74,21780.67,984.92,1673740799999,21523587.29,3679,590.95,12914152.37,0
1673740800000,21780.67,21876.37,21772.80,21793.09,1326.60,1673744399999,28902537.80,3869,795.96,17341522.68,0
1673744400000,21793.09,21908.71,21792.31,21633.31,1600.71,1673747999999,34756430.25,4716,960.42,20853858.15,0
1673748000000,21633.31,21773.56,21501.55,21596.07,1454.90,1673751599999,31447148.83,1797,872.94,18868289.30,0
1673751600000,21596.07,21644.25,21499.19,21781.64,2315.87,1673755199999,50228652.46,1357,1389.52,30137191.48,0
1673755200000,21781.64,21861.91,21673.17,21811.29,2373.34,1673758799999,51730392.81,4652,1424.00,31038235.68,0
1673758800000,21811.29,21943.63,21784.92,21681.32,2339.27,1673762399999,50870467.47,4988,1403.56,30522280.48,0
1673762400000,21681.32,21755.62,21540.83,21640.11,2424.26,1673765999999,52511265.91,4704,1454.56,31506759.54,0
1673766000000,21640.11,21641.50,21554.92,21790.81,714.60,1673769599999,15517899.88,4931,428.76,9310739.93,0
1673769600000,21790.81,21939.18,21709.32,21704.64,1487.82,1673773199999,32356803.99,4754,892.69,19414082.39,0
1673773200000,21704.64,21774.84,21675.71,21845.06,725.29,1673776799999,15793156.40,1649,435.18,9475893.84,0
1673776800000,21845.06,21883.65,21817.13,21828.63,1973.24,1673780399999,43089240.40,4163,1183.94,25853544.24,0
1673780400000,21828.63,21942.22,21802.30,21855.74,2212.29,1673783999999,48321307.10,4588,1327.38,28992784.26,0
1673784000000,21855.74,21933.03,21842.73,21986.53,1838.51,1673787599999,40302266.02,1739,1103.11,24181359.61,0
1673787600000,21986.53,22035.07,21949.33,21842.78,1021.57,1673791199999,22387368.10,1942,612.94,13432420.86,0
1673791200000,21842.78,21985.88,21797.49,21944.28,1945.77,1673794799999,42599666.64,1045,1167.46,25559799.98,0
1673794800000,21944.28,22048.20,21934.96,22005.76,736.45,1673798399999,16183495.70,2227,441.87,9710097.42,0
1673798400000,22005.76,22081.13,21871.49,21967.92,1907.11,1673801999999,41931409.08,2243,1144.27,25158845.45,0
1673802000000,21967.92,22105.34,21923.67,21814.89,1729.25,1673805599999,37855731.69,1876,1037.55,22713439.01,0
1673805600000,21814.89,21837.87,21702.73,21668.32,1711.48,1673809199999,37210271.06,2663,1026.89,22326162.64,0
1673809200000,21668.32,21738.94,21587.69,21688.01,1828.19,1673812799999,39631775.68,1873,1096.91,23779065.41,0
1673812800000,21688.01,21801.22,21557.04,21587.00,663.74,1673816399999,14361689.19,2786,398.24,8617013.52,0
1673816400000,21587.00,21598.71,21502.37,21668.50,623.52,1673819999999,13485249.51,3190,374.11,8091149.70,0
1673820000000,21668.50,21754.41,21646.02,21670.70,1156.24,1673823599999,25055155.33,3081,693.74,15033093.20,0
1673823600000,21670.70,21701.51,21583.22,21517.19,681.88,1673827199999,14724550.17,3041,409.13,8834730.10,0
1673827200000,21517.19,21585.21,21440.21,21640.67,1413.60,1673830799999,30503911.53,1230,848.16,18302346.92,0
1673830800000,21640.67,21761.71,21532.18,21625.62,1291.90,1673834399999,27947804.72,4265,775.14,16768682.83,0
1673834400000,21625.62,21712.37,21618.83,21723.94,1189.06,1673837999999,25772567.10,1255,713.43,15463540.26,0
1673838000000,21723.94,21864.13,21713.59,21921.59,2367.55,1673841599999,51666517.94,1126,1420.53,30999910.77,0
1673841600000,21921.59,22036.94,21806.72,21885.14,2456.67,1673845199999,53809266.29,3583,1474.00,32285559.77,0
1673845200000,21885.14,22034.07,21827.77,21853.28,2239.24,1673848799999,48970425.59,4627,1343.54,29382255.35,0
1673848800000,21853.28,21955.69,21754.01,21803.54,1578.60,1673852399999,34458344.24,3614,947.16,20675006.54,0
1673852400000,21803.54,21830.31,21722.95,21742.65,1557.69,1673855999999,33915626.85,3911,934.61,20349376.11,0
1673856000000,21742.65,21743.17,21739.24,21631.73,1096.73,1673859599999,23784902.54,3693,658.04,14270941.52,0
1673859600000,21631.73,21711.52,21508.22,21649.50,995.02,1673863199999,21532933.15,2384,597.01,12919759.89,0
1673863200000,21649.50,21790.12,21540.75,21559.76,725.69,1673866799999,15678251.38,4237,435.41,9406950.83,0
1673866800000,21559.76,21674.67,21427.20,21527.46,531.29,1673870399999,11445940.07,1824,318.77,6867564.04,0
1673870400000,21527.46,21532.50,21437.79,21367.82,1906.57,1673873999999,40891480.82,1194,1143.94,24534888.49,0
1673874000000,21367.82,21428.16,21332.67,21464.04,934.54,1673877599999,20014006.86,4454,560.72,12008404.11,0
1673877600000,21464.04,21539.62,21420.65,21286.61,2131.57,1673881199999,45563053.76,3926,1278.94,27337832.26,0
1673881200000,21286.61,21376.30,21185.73,21214.17,1141.33,1673884799999,24253716.92,2207,684.80,14552230.15,0
1673884800000,21214.17,21313.21,21181.02,21071.48,1101.00,1673888399999,23278292.51,1243,660.60,13966975.50,0
1673888400000,21071.48,21203.44,20934.74,21250.89,1751.99,1673891999999,37074101.87,2708,1051.19,22244461.12,0
1673892000000,21250.89,21396.73,21109.65,21249.14,1842.69,1673895599999,39157077.62,4143,1105.61,23494246.57,0
1673895600000,21249.14,21311.58,21226.75,21176.63,1252.92,1673899199999,26578052.21,4017,751.75,15946831.33,0
1673899200000,21176.63,21304.03,21131.52,21166.04,1915.15,1673902799999,40546353.99,4223,1149.09,24327812.40,0
1673902800000,21166.04,21250.39,21020.87,21331.93,1614.57,1673906399999,34308048.00,1536,968.74,20584828.80,0
1673906400000,21331.93,21362.43,21234.93,21229.08,2344.45,1673909999999,49891126.18,4388,1406.67,29934675.71,0
1673910000000,21229.08,21337.76,21200.50,21066.06,1036.92,1673913599999,21928404.58,3694,622.15,13157042.75,0
1673913600000,21066.06,21197.11,21037.84,21107.23,2023.39,1673917199999,42666569.20,3897,1214.04,25599941.52,0
1673917200000,21107.23,21179.14,20976.81,21130.77,1165.93,1673920799999,24623247.59,4828,699.56,14773948.55,0
1673920800000,21130.77,21271.34,20986.46,20936.90,734.63,1673924399999,15452138.66,4998,440.78,9271283.20,0
1673924400000,20936.90,20973.29,20846.24,20928.47,909.03,1673927999999,19028364.21,4660,545.42,11417018.52,0
1673928000000,20928.47,21044.80,20871.37,20949.30,1567.30,1673931599999,32817525.55,2437,940.38,19690515.33,0
1673931600000,20949.30,21026.23,20874.71,20853.93,697.22,1673935199999,14572951.38,4925,418.33,8743770.83,0
1673935200000,20853.93,20979.89,20716.78,20841.73,1241.41,1673938799999,25880697.97,2655,744.85,15528418.78,0
1673938800000,20841.73,20874.92,20819.84,20866.74,1021.55,1673942399999,21303601.83,4739,612.93,12782161.10,0
1673942400000,20866.74,20929.37,20843.87,20898.39,1159.73,1673945999999,24218147.69,2519,695.84,14530888.61,0
1673946000000,20898.39,20973.29,20800.20,21031.74,1869.69,1673949599999,39198239.90,2029,1121.82,23518943.94,0
1673949600000,21031.74,21176.71,20935.48,21160.37,1481.19,1673953199999,31247291.60,1672,888.71,18748374.96,0
1673953200000,21160.37,21185.76,21052.33,21278.36,1476.63,1673956799999,31333213.47,4667,885.98,18799928.08,0
1673956800000,21278.36,21374.64,21269.55,21295.22,567.65,1673960399999,12083394.48,4386,340.59,7250036.69,0
1673960400000,21295.22,21395.45,21180.57,21473.29,1324.78,1673963999999,28329530.83,4370,794.87,16997718.50,0
1673964000000,21473.29,21579.37,21471.92,21365.87,1511.47,1673967599999,32374965.19,2492,906.88,19424979.12,0
1673967600000,21365.87,21465.88,21273.39,21413.00,1466.41,1673971199999,31365644.98,2951,879.84,18819386.99,0
1673971200000,21413.00,21495.75,21411.22,21215.65,1558.84,1673974799999,33225521.12,2098,935.30,19935312.67,0
1673974800000,21215.65,21218.22,21093.67,21406.64,1848.07,1673978399999,39384396.26,4224,1108.84,23630637.75,0
1673978400000,21406.64,21422.69,21392.19,21570.55,797.79,1673981999999,17143491.66,1767,478.68,10286094.99,0
1673982000000,21570.55,21692.83,21530.45,21581.13,1293.79,1673985599999,27914666.31,2492,776.28,16748799.78,0
1673985600000,21581.13,21665.88,21432.60,21543.54,951.71,1673989199999,20521187.77,3736,571.03,12312712.66,0
1673989200000,21543.54,21641.60,21414.81,21682.69,2019.17,1673992799999,43640589.60,1374,1211.50,26184353.76,0
1673992800000,21682.69,21765.59,21674.27,21634.39,518.90,1673996399999,11238624.38,1685,311.34,6743174.63,0
1673996400000,21634.39,21699.48,21516.74,21634.34,1631.71,1673999999999,35301080.86,4431,979.03,21180648.51,0
1674000000000,21634.34,21713.56,21627.95,21472.48,922.83,1674003599999,19890221.49,4472,553.70,11934132.89,0
1674003600000,21472.48,21543.81,21465.50,21627.50,648.70,1674007199999,13979396.65,4702,389.22,8387637.99,0
1674007200000,21627.50,21712.03,21622.57,21787.23,2357.53,1674010799999,51175825.42,2257,1414.52,30705495.25,0
1674010800000,21787.23,21875.28,21674.39,21971.82,1925.42,1674014399999,42127330.63,2593,1155.25,25276398.38,0
1674014400000,21971.82,21996.18,21935.75,21802.59,2169.30,1674017999999,47479934.86,2556,1301.58,28487960.91,0
1674018000000,21802.59,21852.35,21689.25,21961.20,779.90,1674021599999,17065716.74,4953,467.94,10239430.04,0
1674021600000,21961.20,22036.32,21815.05,22050.87,607.39,1674025199999,13366307.97,2748,364.44,8019784.78,0
1674025200000,22050.87,22101.96,21935.52,22186.34,2409.72,1674028799999,53299565.65,2586,1445.83,31979739.39,0
1674028800000,22186.34,22190.78,22145.34,22295.76,2485.17,1674032399999,55272823.04,2962,1491.10,33163693.83,0
1674032400000,22295.76,22436.93,22230.98,22238.08,1859.39,1674035999999,41402883.37,3642,1115.63,24841730.02,0
1674036000000,22238.08,22330.88,22118.37,22072.36,1926.22,1674039599999,42675766.25,1328,1155.73,25605459.75,0
1674039600000,22072.36,22179.11,21977.28,21934.05,1979.31,1674043199999,43551175.98,2266,1187.59,26130705.59,0
1674043200000,21934.05,21934.83,21887.81,21776.67,1219.83,1674046799999,26659931.92,2079,731.90,15995959.15,0
1674046800000,21776.67,21804.78,21709.34,21629.67,1609.48,1674050399999,34930819.27,2632,965.69,20958491.56,0
1674050400000,21629.67,21682.76,21615.71,21440.18,1696.09,1674053999999,36525118.36,2297,1017.65,21915071.02,0
1674054000000,21440.18,21483.95,21382.01,21394.27,669.40,1674057599999,14336669.38,4604,401.64,8602001.63,0
1674057600000,21394.27,21541.00,21308.48,21556.36,839.17,1674061199999,18021349.71,2522,503.50,10812809.83,0
1674061200000,21556.36,21601.52,21482.39,21411.89,626.53,1674064799999,13460540.05,2738,375.92,8076324.03,0
1674064800000,21411.89,21484.53,21400.35,21380.33,1003.40,1674068399999,21468847.15,1986,602.04,12881308.29,0
1674068400000,21380.33,21469.40,21351.00,21430.35,713.94,1674071999999,15282228.94,2218,428.37,9169337.36,0
1674072000000,21430.35,21480.18,21337.32,21609.87,2108.15,1674075599999,45367683.30,2318,1264.89,27220609.98,0
1674075600000,21609.87,21732.20,21480.95,21543.77,2448.45,1674079199999,52829786.48,1544,1469.07,31697871.89,0
1674079200000,21543.77,21685.86,21513.64,21472.04,1128.37,1674082799999,24268797.94,4858,677.02,14561278.77,0
1674082800000,21472.04,21515.75,21367.79,21659.53,1482.01,1674086399999,31960802.14,3303,889.21,19176481.29,0
1674086400000,21659.53,21715.93,21537.05,21556.50,1285.87,1674089999999,27785097.97,1455,771.52,16671058.78,0
1674090000000,21556.50,21645.33,21474.65,21582.04,1863.43,1674093599999,40192714.09,3200,1118.06,24115628.45,0
1674093600000,21582.04,21651.28,21475.78,21763.24,1376.91,1674097199999,29841267.81,2165,826.15,17904760.69,0
1674097200000,21763.24,21886.08,21643.89,21840.37,1318.28,1674100799999,28740952.03,2997,790.97,17244571.22,0
1674100800000,21840.37,21876.67,21741.57,21893.71,1930.47,1674104399999,42213722.95,4156,1158.28,25328233.77,0
1674104400000,21893.71,22042.31,21821.82,21723.29,1301.61,1674107999999,28386164.48,3026,780.97,17031698.69,0
1674108000000,21723.29,21827.05,21641.75,21891.45,2081.44,1674111599999,45390772.93,2438,1248.87,27234463.76,0
1674111600000,21891.45,21971.98,21795.72,22049.65,669.96,1674115199999,14719474.05,4075,401.98,8831684.43,0
1674115200000,22049.65,22102.90,21952.60,22112.69,588.59,1674118799999,12996830.48,4934,353.16,7798098.29,0
1674118800000,22112.69,22172.63,21999.79,22183.68,2431.43,1674122399999,53851838.81,2721,1458.86,32311103.29,0
1674122400000,22183.68,22222.49,22107.08,21987.90,1537.60,1674125999999,33959009.54,3322,922.56,20375405.73,0
1674126000000,21987.90,22054.76,21929.23,22017.99,2044.68,1674129599999,44989079.82,3354,1226.81,26993447.89,0
1674129600000,22017.99,22069.74,22014.31,22018.18,709.10,1674133199999,15612995.97,2663,425.46,9367797.58,0
1674133200000,22018.18,22035.59,21877.08,22202.87,783.35,1674136799999,17320286.76,2247,470.01,10392172.06,0
1674136800000,22202.87,22233.90,22130.43,22185.00,1452.33,1674140399999,32232809.58,2752,871.40,19339685.75,0
1674140400000,22185.00,22232.84,22139.96,22263.71,2120.37,1674143999999,47123897.77,1460,1272.22,28274338.66,0
1674144000000,22263.71,22360.90,22162.14,22403.38,828.71,1674147599999,18507990.64,4935,497.22,11104794.39,0
1674147600000,22403.38,22429.55,22379.36,22300.95,1619.70,1674151199999,36203750.75,4833,971.82,21722250.45,0
1674151200000,22300.95,22361.70,22273.28,22193.69,1780.96,1674154799999,39621530.25,2728,1068.57,23772918.15,0
1674154800000,22193.69,22285.80,22164.09,22005.36,1684.41,1674158399999,37224580.77,2555,1010.64,22334748.46,0
1674158400000,22005.36,22036.23,21892.52,22087.26,2117.46,1674161999999,46682173.07,1250,1270.48,28009303.84,0
1674162000000,22087.26,22218.06,22059.21,21927.96,1151.97,1674165599999,25352101.29,2830,691.18,15211260.77,0
1674165600000,21927.96,22057.35,21848.80,21832.90,1778.22,1674169199999,38908156.25,3387,1066.93,23344893.75,0
1674169200000,21832.90,21920.95,21780.71,21877.42,2191.04,1674172799999,47885438.79,3469,1314.62,28731263.27,0
1674172800000,21877.42,21983.32,21832.81,22002.92,1728.97,1674176399999,37933877.32,1339,1037.38,22760326.39,0
1674176400000,22002.92,22020.60,21957.11,21856.50,866.09,1674179999999,18993080.42,3773,519.65,11395848.25,0
1674180000000,21856.50,21919.23,21835.82,21860.83,1267.42,1674183599999,27704105.52,1743,760.45,16622463.31,0
1674183600000,21860.83,21964.84,21764.04,21915.03,2499.80,1674187199999,54715424.54,3219,1499.88,32829254.72,0
1674187200000,21915.03,21936.07,21867.84,21910.89,1402.00,1674190799999,30722008.84,1214,841.20,18433205.31,0
1674190800000,21910.89,21912.32,21890.41,21854.50,2130.43,1674194399999,46619588.22,4855,1278.26,27971752.93,0
1674194400000,21854.50,21928.75,21751.80,21856.68,1331.26,1674197999999,29095490.57,4359,798.76,17457294.34,0
1674198000000,21856.68,21869.08,21852.05,21852.16,2022.11,1674201599999,44192105.10,2168,1213.27,26515263.06,0
1674201600000,21852.16,21932.80,21826.93,21762.10,1414.64,1674205199999,30849294.77,3970,848.79,18509576.86,0
1674205200000,21762.10,21844.56,21745.12,21868.47,728.41,1674208799999,15890541.31,4100,437.05,9534324.78,0
1674208800000,21868.47,21923.49,21745.07,21997.78,583.22,1674212399999,12791858.35,3875,349.93,7675115.01,0
1674212400000,21997.78,22146.24,21982.42,22016.32,2160.14,1674215999999,47538338.95,4005,1296.08,28523003.37,0
1674216000000,22016.32,22166.22,21948.86,21935.40,1197.15,1674219599999,26308489.73,4266,718.29,15785093.84,0
1674219600000,21935.40,22084.50,21819.06,21911.03,973.89,1674223199999,21350848.55,4242,584.34,12810509.13,0
1674223200000,21911.03,21963.63,21804.42,21946.20,1765.54,1674226799999,38715876.79,1663,1059.32,23229526.07,0
1674226800000,21946.20,21977.19,21915.16,21801.90,618.72,1674230399999,13533816.21,2403,371.23,8120289.73,0
1674230400000,21801.90,21882.71,21753.35,21714.33,1908.11,1674233999999,41516817.22,2157,1144.86,24910090.33,0
1674234000000,21714.33,21843.03,21566.51,21621.27,1858.60,1674237599999,40271739.03,1380,1115.16,24163043.42,0
1674237600000,21621.27,21739.12,21483.45,21806.38,2484.97,1674241199999,53958246.10,4468,1490.98,32374947.66,0
1674241200000,21806.38,21936.29,21768.92,21657.13,1922.79,1674244799999,41785590.15,4313,1153.67,25071354.09,0
